name,classification,profile_url,photo_url,mugshot_url,entry_in_ioc,born,games_participated,athlete_profile
HSH the Princess Nora of LIECHTENSTEIN,member,https://www.olympics.com/ioc/hsh-the-princess-nora-of-liechtenstein,,https://img.olympics.com/images/image/private/t_original_380/f_auto/v1699265467/primary/ihzyepogwyhgb5qcdoec,1984,31-Oct-50,,
HSH the Sovereign Prince ALBERT II,member,https://www.olympics.com/ioc/hsh-the-sovereign-prince-albert-ii,,https://img.olympics.com/images/image/private/t_original_380/f_auto/v1699265833/primary/kx3gmurrzolsxvo0awua,1985,14-Mar-58,"1988, 1992, 1994, 1998, 2002",Albert GRIMALDI
Ms Anita L. DEFRANTZ,member,https://www.olympics.com/ioc/ms-anita-l-defrantz,,https://img.olympics.com/images/image/private/t_original_380/f_auto/v1699265922/primary/kc2c6t74zj1slkow3ajl,1986,04-Oct-52,1976,Anita Luceete DEFRANTZ
HRH the Princess ROYAL,member,https://www.olympics.com/ioc/hrh-the-princess-royal,,https://img.olympics.com/images/image/private/t_original_380/f_auto/primary/w3ywhldvbqwzejie9qf0,1988,15-Aug-50,1976,HRH PRINCESS ANNE
Mr Richard L. CARRIÓN,member,https://www.olympics.com/ioc/mr-richard-l-carrion,,https://img.olympics.com/images/image/private/t_original_380/f_auto/v1699266142/primary/xlspljay2r04pmy8hlwt,1990,26-Nov-52,,
Mr Denis OSWALD,member,https://www.olympics.com/ioc/mr-denis-oswald,,https://img.olympics.com/images/image/private/t_original_380/f_auto/v1699266202/primary/usbekhipdkrcf9ofgmdk,1991,09-May-47,"1968, 1972, 1976",Denis OSWALD
Dr Robin E. MITCHELL,member,https://www.olympics.com/ioc/dr-robin-e-mitchell,,https://img.olympics.com/images/image/private/t_original_380/f_auto/v1699266271/primary/wvdqxwyunyof3o4upah7,1994,10-Mar-46,,
Mr Shamil TARPISHCHEV,member,https://www.olympics.com/ioc/mr-shamil-tarpischev,,https://img.olympics.com/images/image/private/t_original_380/f_auto/primary/cfqdexhcmpulnkx2nzjt,1994,07-Mar-48,,
Mr Valerii BORZOV,member,https://www.olympics.com/ioc/mr-valerii-borzov,,https://img.olympics.com/images/image/private/t_original_380/f_auto/primary/qfmj6atpcydskwvqer7d,1994,20-Oct-49,"1972, 1976",Valerii BORZOV
Syed Shahid ALI,member,https://www.olympics.com/ioc/syed-shahid-ali,,https://img.olympics.com/images/image/private/t_original_380/f_auto/v1699266434/primary/yc8duzooxxdt0qp6yhll,1996,29-Dec-46,,
Mrs Gunilla LINDBERG,member,https://www.olympics.com/ioc/mrs-gunilla-lindberg,,https://img.olympics.com/images/image/private/t_original_380/f_auto/v1699266496/primary/h30cawiiy7vssezz46kf,1996,06-May-47,,
Mr Guy DRUT,member,https://www.olympics.com/ioc/mr-guy-drut,,https://img.olympics.com/images/image/private/t_original_380/f_auto/v1699266545/primary/e5qoagds87t0edofaqve,1996,06-Dec-50,"1972, 1976",Guy DRUT
HRH the Grand Duke of LUXEMBOURG,member,https://www.olympics.com/ioc/hrh-the-grand-duke-of-luxembourg,,https://img.olympics.com/images/image/private/t_original_380/f_auto/v1699266584/primary/bij2e1r8eyuuxkbp5eai,1998,16-Apr-55,,
Mrs Nawal EL MOUTAWAKEL *,member,https://www.olympics.com/ioc/mrs-nawal-el-moutawakel,,https://img.olympics.com/images/image/private/t_original_380/f_auto/v1699266632/primary/xf6fau873gspqgk8nigt,1998,15-Apr-62,1984,Nawal EL MOUTAWAKEL
Mr Ser Miang NG,member,https://www.olympics.com/ioc/mr-ser-miang-ng,,https://img.olympics.com/images/image/private/t_original_380/f_auto/v1699266687/primary/ovpghiw6vkvvqzdrd53v,1998,06-Apr-49,,
Mr Zaiqing YU,member,https://www.olympics.com/ioc/mr-zaiqing-yu,,https://img.olympics.com/images/image/private/t_original_380/f_auto/v1699266727/primary/plmptu3ylngof85dmcan,2000,26-Apr-51,,
Mr Juan Antonio SAMARANCH *,member,https://www.olympics.com/ioc/mr-juan-antonio-samaranch,,https://img.olympics.com/images/image/private/t_original_380/f_auto/v1699266814/primary/h3rykjbncsywlytev18b,2001,01-Nov-59,,
HH Amir Sheikh Tamim Bin Hamad AL-THANI,member,https://www.olympics.com/ioc/hh-amir-sheikh-tamim-bin-hamad-al-thani,,https://img.olympics.com/images/image/private/t_original_380/f_auto/v1699266846/primary/rhjwjvtp6aen36gkjto3,2002,03-Jun-80,,
Mrs Nicole HOEVERTSZ,member,https://www.olympics.com/ioc/mrs-nicole-hoevertsz,,https://img.olympics.com/images/image/private/t_original_380/f_auto/v1699266945/primary/xsadjb8ks9fuur4ouqf3,2006,30-May-64,1984,Nicole HOEVERTSZ
Mr Sergii BUBKA,member,https://www.olympics.com/ioc/mr-sergii-bubka,,https://img.olympics.com/images/image/private/t_original_380/f_auto/v1699267007/primary/twcze9edynrumefmzlrc,2008,04-Dec-63,"1988, 1992, 2000",Sergii BUBKA
Ms Lydia NSEKERA,member,https://www.olympics.com/ioc/ms-lydia-nsekera,,https://img.olympics.com/images/image/private/t_original_380/f_auto/v1699267075/primary/qyskdz5siylunxskdbvu,2009,20-Apr-67,,
HRH Prince Feisal AL HUSSEIN *,member,https://www.olympics.com/ioc/hrh-prince-feisal-al-hussein,,https://img.olympics.com/images/image/private/t_original_380/f_auto/v1699267124/primary/swoovfynouu7tk1jz3zr,2010,11-Oct-63,,
Dr Gerardo WERTHEIN *,member,https://www.olympics.com/ioc/dr-gerardo-werthein,,https://img.olympics.com/images/image/private/t_original_380/f_auto/v1699267191/primary/ug2wfvblrsx6a34t2nxa,2011,03-Dec-55,,
Mrs Lingwei LI *,member,https://www.olympics.com/ioc/mrs-lingwei-li,,https://img.olympics.com/images/image/private/t_original_380/f_auto/v1699267233/primary/uxvuptm15fx5xi3qq9ht,2012,07-Jan-64,,
Baron Pierre-Olivier BECKERS-VIEUJANT *,member,https://www.olympics.com/ioc/baron-pierre-olivier-beckers-vieujant,,https://img.olympics.com/images/image/private/t_original_380/f_auto/v1699267265/primary/a5btutbaiqt3vhcdcxl1,2012,03-May-60,,
Ms Aïcha GARAD ALI,member,https://www.olympics.com/ioc/ms-aicha-garad-ali,,https://img.olympics.com/images/image/private/t_original_380/f_auto/v1699283000/primary/tpvotpptaviahcwgange,2012,28-Dec-66,,
Mrs Kirsty COVENTRY *,member,https://www.olympics.com/ioc/mrs-kirsty-coventry,,https://img.olympics.com/images/image/private/t_original_380/f_auto/v1699267432/primary/y7gabvlxd0en2htfxq1n,2013,16-Sep-83,"2000, 2004, 2008, 2012, 2016",Kirsty Leigh COVENTRY
Mr Octavian MORARIU *,member,https://www.olympics.com/ioc/mr-octavian-morariu,,https://img.olympics.com/images/image/private/t_original_380/f_auto/v1699267490/primary/vai0n7fubngtompwxazr,2013,07-Aug-61,,
Mr Bernard RAJZMAN,member,https://www.olympics.com/ioc/mr-bernard-rajzman,,https://img.olympics.com/images/image/private/t_original_380/f_auto/v1699267530/primary/fhy4ovpzhomscyfatuox,2013,25-Apr-57,"1976, 1980, 1984",Bernard RAJZMAN
Mrs Mikaela COJUANGCO JAWORSKI *,member,https://www.olympics.com/ioc/mrs-mikaela-cojuangco-jaworski,,https://img.olympics.com/images/image/private/t_original_380/f_auto/v1699267560/primary/fobrtx5ub50aqia2u5l4,2013,26-Feb-74,,
Mr Paul K. TERGAT,member,https://www.olympics.com/ioc/mr-paul-k-tergat,,https://img.olympics.com/images/image/private/t_original_380/f_auto/v1699267592/primary/ntamhj8bvaz5ptt484qz,2013,17-Jun-69,"1996, 2000, 2004",Paul TERGAT
Mrs Dagmawit Girmay BERHANE,member,https://www.olympics.com/ioc/mrs-dagmawit-girmay-berhane,,https://img.olympics.com/images/image/private/t_original_380/f_auto/v1746610871/primary/o5uwciru0yevvopunjuj,2013,27-Jul-75,,
Mr Nenad LALOVIC *,member,https://www.olympics.com/ioc/mr-nenad-lalovic,,https://img.olympics.com/images/image/private/t_original_380/f_auto/v1699267692/primary/ndq8f0trtxdebu4qbert,2015,21-Aug-58,,
Mrs Nita AMBANI,member,https://www.olympics.com/ioc/mrs-nita-ambani,,https://img.olympics.com/images/image/private/t_original_380/f_auto/v1701178552/primary/yuzpv8jwkmch074nzet0,2016,01-Nov-62,,
Mrs Sari ESSAYAH,member,https://www.olympics.com/ioc/mrs-sari-essayah,,https://img.olympics.com/images/image/private/t_original_380/f_auto/v1699267789/primary/xxodyd9fgmvidkmzpqmc,2016,21-Feb-67,"1992, 1996",Sari Miriam ESSAYAH
Mr Ivo FERRIANI *,member,https://www.olympics.com/ioc/mr-ivo-ferriani,,https://img.olympics.com/images/image/private/t_original_380/f_auto/v1699268013/primary/quosxtpgqiadetnbiceb,2016,05-Mar-60,1988,Ivo FERRIANI
Mr Luis Alberto MORENO,member,https://www.olympics.com/ioc/mr-luis-alberto-moreno,,https://img.olympics.com/images/image/private/t_original_380/f_auto/v1699268099/primary/oim0iieoo2j5x4cxbqwz,2016,03-May-53,,
Mrs Auvita RAPILLA,member,https://www.olympics.com/ioc/mrs-auvita-rapilla,,https://img.olympics.com/images/image/private/t_original_380/f_auto/v1699268168/primary/jehwgdladdlt1ycz1hyr,2016,21-Jan-71,,
Mr Anant SINGH,member,https://www.olympics.com/ioc/mr-anant-singh,,https://img.olympics.com/images/image/private/t_original_380/f_auto/v1699268235/primary/fwrg8hv151zxspi6zxhg,2016,29-May-56,,
Ms Tricia SMITH,member,https://www.olympics.com/ioc/ms-tricia-smith,,https://img.olympics.com/images/image/private/t_original_380/f_auto/v1699268272/primary/knyowlngbqfhb09ucors,2016,14-Apr-57,"1976, 1984, 1988",Patricia SMITH
Mr Karl STOSS,member,https://www.olympics.com/ioc/mr-karl-stoss,,https://img.olympics.com/images/image/private/t_original_380/f_auto/v1699268320/primary/m4ldwgpicb8kxvpahibc,2016,26-Nov-56,,
Ms Sarah WALKER,member,https://www.olympics.com/ioc/ms-sarah-walker,,https://img.olympics.com/images/image/private/t_original_380/f_auto/v1699268536/primary/dju7pkxwoqfia3fsnmcc,2016,10-Jul-88,"2008, 2012",Sarah WALKER
Ms Baklai TEMENGIL,member,https://www.olympics.com/ioc/ms-baklai-temengil,,https://img.olympics.com/images/image/private/t_original_380/f_auto/v1699268570/primary/kuvkwvllstgpkpah9ebu,2017,23-Oct-66,,
Mrs Kristin KLOSTER *,member,https://www.olympics.com/ioc/mrs-kristin-kloster,,https://img.olympics.com/images/image/private/t_original_380/f_auto/v1699268633/primary/bxv7bg1bmb1vpizu40th,2017,04-Jan-61,,
Mrs KhunyingPatama LEESWADTRAKUL,member,https://www.olympics.com/ioc/mrs-khunying-patama-leeswadtrakul,,https://img.olympics.com/images/image/private/t_original_380/f_auto/v1699268788/primary/xuqeom6rlhyljwgtxsov,2017,16-Feb-65,,
Mr Luis MEJIA OVIEDO,member,https://www.olympics.com/ioc/mr-luis-mejia-oviedo,,https://img.olympics.com/images/image/private/t_original_380/f_auto/v1699268820/primary/t4s3xkycdsan97g7edvz,2017,04-Sep-53,,
Mr Neven ILIC,member,https://www.olympics.com/ioc/mr-neven-ilic,,https://img.olympics.com/images/image/private/t_original_380/f_auto/v1699268857/primary/wicwbqy7c6wuabsvez8t,2017,04-Apr-62,,
Mr Jean-Christophe ROLLAND,member,https://www.olympics.com/ioc/mr-jean-christophe-rolland,,https://img.olympics.com/images/image/private/t_original_380/f_auto/v1699268924/primary/bch88xwnsxhlbgeqgvdt,2017,03-Jul-68,"1992, 1996, 2000",Jean Christophe ROLLAND
Mr Ingmar DE VOS,member,https://www.olympics.com/ioc/mr-ingmar-de-vos,,https://img.olympics.com/images/image/private/t_original_380/f_auto/v1699268966/primary/zbnpmstmo9sslbspfngl,2017,05-Aug-63,,
Mr Jiri KEJVAL,member,https://www.olympics.com/ioc/mr-jiri-kejval,,https://img.olympics.com/images/image/private/t_original_380/f_auto/v1699269008/primary/zba5g0vxveqmsguwzeb5,2018,30-Nov-67,,
Mrs Emma TERHO *,member,https://www.olympics.com/ioc/mrs-emma-terho,,https://img.olympics.com/images/image/private/t_original_380/f_auto/v1699269501/primary/vsfhn4aqwxs0mbnmvgam,2018,17-Dec-81,"1998, 2002, 2006, 2010, 2014",Emma TERHO
Ms Hong ZHANG,member,https://www.olympics.com/ioc/ms-hong-zhang,,https://img.olympics.com/images/image/private/t_original_380/f_auto/v1699269527/primary/mbkzciqbwnhwyb4pjpsa,2018,12-Apr-88,"2014, 2018",Hong ZHANG
Ms Samira ASGHARI,member,https://www.olympics.com/ioc/ms-samira-asghari,,https://img.olympics.com/images/image/private/t_original_380/f_auto/v1699269560/primary/svzyemzypg6g7p1af3ub,2018,31-Mar-94,,
Mrs Daina GUDZINEVICIUTE,member,https://www.olympics.com/ioc/mrs-daina-gudzineviciute,,https://img.olympics.com/images/image/private/t_original_380/f_auto/v1699269599/primary/l8sn5uwkpfdtrrqwr082,2018,23-Dec-65,"1996, 2000, 2004, 2008, 2012",Daina GUDZINEVICIUTE
Mr Camilo PÉREZ LÓPEZ MOREIRA,member,https://www.olympics.com/ioc/mr-camilo-perez-lopez-moreira,,https://img.olympics.com/images/image/private/t_original_380/f_auto/v1699269627/primary/wnpib7k4x1rckfcacfmy,2018,31-Mar-69,,
Mrs Felicite RWEMARIKA,member,https://www.olympics.com/ioc/mrs-felicite-rwemarika,,https://img.olympics.com/images/image/private/t_original_380/f_auto/v1699269650/primary/cs1wwqitpazlfvpedpsc,2018,09-Mar-58,,
Mr William Frederick BLICK,member,https://www.olympics.com/ioc/mr-william-frederick-blick,,https://img.olympics.com/images/image/private/t_original_380/f_auto/primary/tjqdmp555jatbtagh1na,2018,17-Oct-74,,
HRH Prince Jigyel Ugyen WANGCHUCK,member,https://www.olympics.com/ioc/hrh-jigyel-ugyen-wangchuck,,https://img.olympics.com/images/image/private/t_original_380/f_auto/v1699269784/primary/l9thmfjybuc7ibzz129n,2018,16-Jul-84,,
Mr Andrew PARSONS,member,https://www.olympics.com/ioc/mr-andrew-parsons,,https://img.olympics.com/images/image/private/t_original_380/f_auto/v1699269808/primary/cp8kos6tpmqfjxbbebli,2018,10-Feb-77,,
Mr Morinari WATANABE,member,https://www.olympics.com/ioc/mr-morinari-watanabe,,https://img.olympics.com/images/image/private/t_original_380/f_auto/v1699269837/primary/i2jt45y5uyoxj3pbso2r,2018,21-Feb-59,,
Mr Giovanni MALAGO,member,https://www.olympics.com/ioc/mr-giovanni-malago,,https://img.olympics.com/images/image/private/t_original_380/f_auto/v1699269884/primary/pfjabwqnm4ebyl1h4hpd,2019,13-Mar-59,,
Ms Odette ASSEMBE ENGOULOU,member,https://www.olympics.com/ioc/ms-odette-assembe-engoulou,,https://img.olympics.com/images/image/private/t_original_380/f_auto/v1699269915/primary/y2iakd3ufj0qn8voa3lf,2019,25-Sep-70,,
Ms Filomena FORTES,member,https://www.olympics.com/ioc/ms-filomena-fortes,,https://img.olympics.com/images/image/private/t_original_380/f_auto/v1699269972/primary/pjaaocaq42lv22kfqyut,2019,10-Apr-66,,
Mrs Matlohang MOILOA-RAMOQOPO,member,https://www.olympics.com/ioc/mrs-matlohang-moiloa-ramoqopo,,https://img.olympics.com/images/image/private/t_original_380/f_auto/v1699270002/primary/lz87hkz49sv6pyvktkwq,2019,01-Nov-67,,
Mr Tidjane THIAM,member,https://www.olympics.com/ioc/mr-tidjane-thiam,,https://img.olympics.com/images/image/private/t_original_380/f_auto/v1699270029/primary/i6f7hje9qryroekm6wex,2019,29-Jul-62,,
Mrs Laura CHINCHILLA,member,https://www.olympics.com/ioc/ms-laura-chinchilla,,https://img.olympics.com/images/image/private/t_original_380/f_auto/v1699270061/primary/hrkzf9v7lore2hfurofv,2019,28-Mar-59,,
Mr Erick THOHIR,member,https://www.olympics.com/ioc/mr-erick-thohir,,https://img.olympics.com/images/image/private/t_original_380/f_auto/v1699270117/primary/cposgfbgw3opqp7xiupp,2019,30-May-70,,
Mr Spyros CAPRALOS *,member,https://www.olympics.com/ioc/mr-spyros-capralos,,https://img.olympics.com/images/image/private/t_original_380/f_auto/v1699270147/primary/tapbju5bzil3xw23snau,2019,15-Apr-55,"1980, 1984",Spyros Capralos
Mr Mustapha BERRAF,member,https://www.olympics.com/ioc/mr-mustapha-berraf,,https://img.olympics.com/images/image/private/t_original_380/f_auto/v1699270255/primary/feqkvfbtazkesq84lukh,2019,21-Feb-54,,
Mr David HAGGERTY,member,https://www.olympics.com/ioc/mr-david-haggerty,,https://img.olympics.com/images/image/private/t_original_380/f_auto/v1699270367/primary/tqepqv1zadicj1ahyzl7,2020,10-Jul-57,,
Mr Gianni INFANTINO,member,https://www.olympics.com/ioc/mr-gianni-infantino,,https://img.olympics.com/images/image/private/t_original_380/f_auto/v1699270394/primary/yqjl4gzi1wqvlxtkq79k,2020,23-Mar-70,,
Mrs Maria de la Caridad COLÓN RUENES,member,https://www.olympics.com/ioc/mrs-maria-de-la-caridad-colon-ruenes,,https://img.olympics.com/images/image/private/t_original_380/f_auto/primary/nuhmvh5znit9y1eaqncx,2020,25-Mar-58,1980,Maria COLON
Mrs Kolinda GRABAR-KITAROVIĆ,member,https://www.olympics.com/ioc/mrs-kolinda-grabar-kitarovic,,https://img.olympics.com/images/image/private/t_original_380/f_auto/v1699270632/primary/fblns4jzyobuhpzjsnul,2020,29-Apr-68,,
HRH Princess Reema Bandar AL-SAUD,member,https://www.olympics.com/ioc/hrh-princess-reema-bandar-al-saud,,https://img.olympics.com/images/image/private/t_original_380/f_auto/primary/cfmgqzso7ftjihmixhva,2020,21-Jun-75,,
Mr Battushig BATBOLD,member,https://www.olympics.com/ioc/mr-battushig-batbold,,https://img.olympics.com/images/image/private/t_original_380/f_auto/primary/jmb9fegkt6nvnqpyclwd,2020,23-Jul-86,,
Lord Sebastian COE,member,https://www.olympics.com/ioc/lord-sebastian-coe,,https://img.olympics.com/images/image/private/t_original_380/f_auto/v1699270783/primary/qpgrurudadtageltadov,2020,29-Sep-56,"1980, 1984",Sebastian COE
Mrs Astrid UHRENHOLDT JACOBSEN,member,https://www.olympics.com/ioc/mrs-astrid-uhrenholdt-jacobsen,,https://img.olympics.com/images/image/private/t_original_380/f_auto/v1699270813/primary/ogrhuxzpolxsjrabytxr,2021,22-Jan-87,"2010, 2014, 2018",Astrid Uhrenholdt JACOBSEN
Mr Pau GASOL SÁEZ,member,https://www.olympics.com/ioc/mr-pau-gasol-saez,,https://img.olympics.com/images/image/private/t_original_380/f_auto/v1699270835/primary/wy0lehzjypkr680j7cta,2021,06-Jul-80,"2004, 2008, 2012, 2016, 2020",Pau GASOL
Mr Yuki OTA,member,https://www.olympics.com/ioc/mr-yuki-ota,,https://img.olympics.com/images/image/private/t_original_380/f_auto/v1699270859/primary/gfooj8ujghludad2blpz,2021,25-Nov-85,"2004, 2008, 2012, 2016",Yuki OTA
Mrs Federica PELLEGRINI,member,https://www.olympics.com/ioc/mrs-federica-pellegrini,,https://img.olympics.com/images/image/private/t_original_380/f_auto/v1699270897/primary/fiq9be39xlxcmbybxj0q,2021,05-Aug-88,"2004, 2008, 2012, 2016, 2020",Federica PELLEGRINI
Ms Maja Martyna WŁOSZCZOWSKA,member,https://www.olympics.com/ioc/mrs-maja-martyna-wloszczowska,,https://img.olympics.com/images/image/private/t_original_380/f_auto/v1699270923/primary/ixpjqxwijio599vflsly,2021,09-Nov-83,"2004, 2008, 2016, 2020",Maja WLOSZCZOWSKA
Mr Humphrey KAYANGE,member,https://www.olympics.com/ioc/mr-humphrey-kayange,,https://img.olympics.com/images/image/private/t_original_380/f_auto/v1699270950/primary/noajxlct6spi4htgi08c,2021,20-Jul-82,2016,Humphrey KAYANGE
Mr Yiech Pur BIEL,member,https://www.olympics.com/ioc/mr-yiech-pur-biel,,https://img.olympics.com/images/image/private/t_original_380/f_auto/v1699270974/primary/kzeuh6cawxqtjdxokd9n,2022,01-Jan-95,2016,Yiech Pur BIEL
Ms Danka HRBEKOVÁ,member,https://www.olympics.com/ioc/ms-danka-hrbekova-bartekova,,https://img.olympics.com/images/image/private/t_original_380/f_auto/v1699270998/primary/auidjgsoojplmga3s2jv,2022,19-Oct-84,"2008, 2012, 2016, 2020, 2024",Danka BARTEKOVA
Mr David LAPPARTIENT,member,https://www.olympics.com/ioc/mr-david-lappartient,,https://img.olympics.com/images/image/private/t_original_380/f_auto/v1699271023/primary/udohvnicqoo1wfyfwavr,2022,31-May-73,,
Mr Martin FOURCADE,member,https://www.olympics.com/ioc/mr-martin-fourcade,,https://img.olympics.com/images/image/private/t_original_380/f_auto/v1699271047/primary/u3qixiv7ptty0zgtcp2h,2022,14-Sep-88,"2010, 2014, 2018",Martin FOURCADE
Ms Frida HANSDOTTER JANSSON,member,https://www.olympics.com/ioc/ms-frida-hansdotter-jansson,,https://img.olympics.com/images/image/private/t_original_380/f_auto/v1699271077/primary/lxqjyc7sxnkr0uhkv2g2,2022,13-Dec-85,"2010, 2014, 2018",Frida HANSDOTTER
Mrs Yael ARAD,member,https://www.olympics.com/ioc/mrs-yael-arad,,https://img.olympics.com/images/image/private/t_original_380/f_auto/v1699271105/primary/amdxebfodeq16xtbb51x,2023,01-May-67,"1992, 1996",Yael ARAD
Mr Balázs FÜRJES,member,https://www.olympics.com/ioc/mr-balazs-furjes,,https://img.olympics.com/images/image/private/t_original_380/f_auto/v1699271137/primary/o07hffyct4vnv4sycmz7,2023,27-Nov-71,,
Mrs Cecilia TAIT VILLACORTA,member,https://www.olympics.com/ioc/mrs-cecilia-tait-villacorta,,https://img.olympics.com/images/image/private/t_original_380/f_auto/v1699271173/primary/seqvuvwz7xcngeodtuk2,2023,05-Mar-62,"1980, 1984, 1988",Cecilia TAIT
Mrs Michelle YEOH,member,https://www.olympics.com/ioc/mrs-michelle-yeoh,,https://img.olympics.com/images/image/private/t_original_380/f_auto/v1699271203/primary/wjks1tdwfc22x39fnabm,2023,06-Aug-62,,
Mr Michael MRONZ,member,https://www.olympics.com/ioc/mr-michael-mronz,,https://img.olympics.com/images/image/private/t_original_380/f_auto/v1699271225/primary/yrnjttrsxkpmuivteikn,2023,01-Mar-67,,
Mrs Petra SÖRLING,member,https://www.olympics.com/ioc/mrs-petra-sorling,,https://img.olympics.com/images/image/private/t_original_380/f_auto/v1699271247/primary/ybdc3owgizzjbwfqql7h,2023,12-Jan-71,,
Mr Jae Youl KIM,member,https://www.olympics.com/ioc/mr-jae-youl-kim,,https://img.olympics.com/images/image/private/t_original_380/f_auto/v1699271270/primary/wcwuxhaelbrfhj9sg1cf,2023,14-Oct-68,,
Mr Mehrez BOUSSAYENE,member,https://www.olympics.com/ioc/mr-mehrez-boussayene,,https://img.olympics.com/images/image/private/t_original_380/f_auto/v1699271292/primary/it6hvjeuba2egvh7fj3s,2023,07-May-59,,
Mrs Aya MEDANY,member,https://www.olympics.com/ioc/mrs-aya-medany,,https://img.olympics.com/images/image/private/t_original_380/f_auto/primary/dn4zyztniqy97vbjp73s,2024,20-Nov-88,"2004, 2008, 2012",Aya MEDANY
Mrs Paula Belén PARETO,member,https://www.olympics.com/ioc/mrs-paula-belen-pareto,,https://img.olympics.com/images/image/private/t_original_380/f_auto/primary/pu9aexhol03ful2wnxuj,2024,16-Jan-86,"2008, 2012, 2016, 2020",Paula PARETO
Mrs Damaris YOUNG,member,https://www.olympics.com/ioc/mrs-damaris-young,,https://img.olympics.com/images/image/private/t_original_380/f_auto/primary/v3mplibnr0jmoer9gbr2,2024,01-Apr-84,,
Sir Hugh ROBERTSON,member,https://www.olympics.com/ioc/sir-hugh-robertson,,https://img.olympics.com/images/image/private/t_original_380/f_auto/primary/kap1ompwlzdk0rn1mkks,2024,09-Oct-62,,
Mr Johan ELIASCH,member,https://www.olympics.com/ioc/mr-johan-eliasch,,https://img.olympics.com/images/image/private/t_original_380/f_auto/primary/msvfuitleoaxczfklnno,2024,15-Feb-62,,
Mr Gene SYKES,member,https://www.olympics.com/ioc/mr-gene-sykes,,https://img.olympics.com/images/image/private/t_original_380/f_auto/primary/n6gqg1uxsftvaoodi8nb,2024,06-Feb-58,,
Ms Kim BUI,member,https://www.olympics.com/ioc/ms-kim-bui,,https://img.olympics.com/images/image/private/t_original_380/f_auto/primary/udfzvmxodaxnb9ciq1lv,2024,20-Jan-89,"2012, 2016, 2020",Kim BUI
Mr Marcus DANIELL,member,https://www.olympics.com/ioc/mr-marcus-daniell,,https://img.olympics.com/images/image/private/t_original_380/f_auto/primary/z5anmddy2xlyzbp3bztw,2024,09-Nov-89,"2016, 2020",Marcus DANIELL
Ms Allyson FELIX,member,https://www.olympics.com/ioc/ms-allyson-felix,,https://img.olympics.com/images/image/private/t_original_380/f_auto/primary/kj1t8olw12hqmjb5phqw,2024,18-Nov-85,"2004, 2008, 2012, 2016, 2020",Allyson FELIX
Ms Jessica FOX,member,https://www.olympics.com/ioc/ms-jessica-fox,,https://img.olympics.com/images/image/private/t_original_380/f_auto/primary/izkndz7imbtxyjdcelpp,2024,11-Jun-94,"2012, 2016, 2020, 2024",Jessica FOX
"Mr Ian CHESTERMAN, AM",member,https://www.olympics.com/ioc/mr-ian-chesterman,,https://img.olympics.com/images/image/private/t_original_380/f_auto/primary/willmakzrrwr73ybukre,2025,17-Apr-59,,
Mr Tony ESTANGUET,member,https://www.olympics.com/ioc/mr-tony-estanguet,,https://img.olympics.com/images/image/private/t_original_380/f_auto/primary/uqjjor637ni4jtlhoqwl,2025,06-May-78,"2000, 2004, 2008, 2012",Tony ESTANGUET
Mr Thomas BACH,IOC honorary president,https://www.olympics.com/ioc/mr-thomas-bach,,https://img.olympics.com/images/image/private/t_original_380/f_auto/v1699260875/primary/thtmv4bdbmfcg76x8aon,1991,29-Dec-53,1976,Thomas BACH
Mr Shagdarjav MAGVAN,IOC honorary members,https://www.olympics.com/ioc/mr-shagdarjav-magvan,,https://img.olympics.com/images/image/private/t_original_380/f_auto/v1699273378/primary/h9lchjh34os9myrchtpz,1977,20-Aug-27,,
Mr Mustapha LARFAOUI,IOC honorary members,https://www.olympics.com/ioc/mr-mustapha-larfaoui,,https://img.olympics.com/images/image/private/t_original_380/f_auto/v1699273401/primary/h1zggqocubygmogu0rnx,1995,27-Nov-32,,
Ms Manuela DI CENTA,IOC honorary members,https://www.olympics.com/ioc/ms-manuela-di-centa,,https://img.olympics.com/images/image/private/t_original_380/f_auto/v1699273421/primary/od8us82uodbfgqadtdr1,1999,31-Jan-63,"1984, 1988, 1992, 1994, 1998",Manuela DI CENTA
Mr Kipchoge KEINO,IOC honorary members,https://www.olympics.com/ioc/mr-kipchoge-keino,,https://img.olympics.com/images/image/private/t_original_380/f_auto/v1699273447/primary/eapzefjhn5lpxiebnc9x,2000,17-Jan-40,"1964, 1968, 1972",Kipchoge KEINO
Mr Chiharu IGAYA,IOC honorary members,https://www.olympics.com/ioc/mr-chiharu-igaya,,https://img.olympics.com/images/image/private/t_original_380/f_auto/v1699273833/primary/siuljjd6csq5w7gljx84,1982,20-May-31,"1952, 1956, 1960",Chiharu IGAYA
Prof. Arne LJUNGQVIST,IOC honorary members,https://www.olympics.com/ioc/prof-arne-ljungqvist,,https://img.olympics.com/images/image/private/t_original_380/f_auto/v1699273874/primary/pmvrw0onebswfynbqkyf,1994,23-Apr-31,1952,Arne LJUNGQVIST
Mr Antun VRDOLJAK,IOC honorary members,https://www.olympics.com/ioc/mr-antun-vrdoljak,,https://img.olympics.com/images/image/private/t_original_380/f_auto/v1699273897/primary/hay1m3wkqn9gqxndoyyw,1995,04-Jun-31,,
Intendant General Lassana PALENFO,IOC honorary members,https://www.olympics.com/ioc/intendant-general-lassana-palenfo,,https://img.olympics.com/images/image/private/t_original_380/f_auto/v1699273924/primary/cfdocu8vnvlnc5sglboi,2000,25-Jan-41,,
Mr Francisco J. ELIZALDE,IOC honorary members,https://www.olympics.com/ioc/mr-francisco-j-elizalde,,https://img.olympics.com/images/image/private/t_original_380/f_auto/v1699274035/primary/h9eb06bdxp89wrmyclof,1985,10-Oct-32,,
HM King Willem-Alexander of the NETHERLANDS,IOC honorary members,https://www.olympics.com/ioc/hm-king-willem-alexander-of-the-netherlands,,https://img.olympics.com/images/image/private/t_original_380/f_auto/v1699274069/primary/lxjnwoxxa3c015jdi2de,1998,27-Apr-67,,
Mr Jean-Claude KILLY,IOC honorary members,https://www.olympics.com/ioc/mr-jean-claude-killy,,https://img.olympics.com/images/image/private/t_original_380/f_auto/v1699269224/primary/ox5pc7ltoeixtkkbgvzq,1995,30-Aug-43,"1964, 1968",Jean-Claude KILLY
Raja Randhir SINGH,IOC honorary members,https://www.olympics.com/ioc/raja-randhir-singh,,https://img.olympics.com/images/image/private/t_original_380/f_auto/v1699269173/primary/jt96himdo7pjoiy2y5k1,2001,18-Oct-46,"1968, 1972, 1976, 1980, 1984",Singh SINGH
HRH Prince Nawaf Bin Faisal Bin Fahad Bin ABDULAZIZ AL SAUD,IOC honorary members,https://www.olympics.com/ioc/hrh-prince-nawaf-bin-faisal-bin-fahad-bin-abdulaziz-al-saud,,https://img.olympics.com/images/image/private/t_original_380/f_auto/v1699274513/primary/syredflwjo0ofne6kmts,2002,01-Apr-78,,
Mr Melitón SÁNCHEZ RIVAS,IOC honorary members,https://www.olympics.com/ioc/mr-meliton-sanchez-rivas,,https://img.olympics.com/images/image/private/t_original_380/f_auto/v1699274481/primary/wicqroazutfjluom1yke,1998,08-Nov-34,,
Dr Julio César MAGLIONE,IOC honorary members,https://www.olympics.com/ioc/dr-julio-cesar-maglione,,https://img.olympics.com/images/image/private/t_original_380/f_auto/v1699274198/primary/nvxr6xwammon3kgdvwcf,1996,14-Nov-35,,
Mr Lambis V. NIKOLAOU,IOC honorary members,https://www.olympics.com/ioc/mr-lambis-v-nikolaou,,https://img.olympics.com/images/image/private/t_original_380/f_auto/v1699274170/primary/wiz1erq4o5qem2jwlyrc,1986,23-Nov-35,,
Mr Vitaly SMIRNOV,IOC honorary members,https://www.olympics.com/ioc/mr-vitaly-smirnov,,https://img.olympics.com/images/image/private/t_original_380/f_auto/v1699274136/primary/jllfayu2yyxolfjmojk6,1971,14-Feb-35,,
Mr Toni KHOURY,IOC honorary members,https://www.olympics.com/ioc/mr-toni-khoury,,https://img.olympics.com/images/image/private/t_original_380/f_auto/v1699273472/primary/al3g3jh5ofjt7bnqseua,1995,26-Sep-35,,
Mr Alexander POPOV,IOC honorary members,https://www.olympics.com/ioc/mr-alexander-popov,,https://img.olympics.com/images/image/private/t_original_380/f_auto/v1699273427/primary/dcaupg30u0xybv7nmgar,2000,16-Nov-71,"1992, 1996, 2000, 2004",Alexander POPOV
Mr Timothy Tsun Ting FOK,IOC honorary members,https://www.olympics.com/ioc/mr-timothy-tsun-ting-fok,,https://img.olympics.com/images/image/private/t_original_380/f_auto/v1699273345/primary/fpzdbjjfhupec3o6kyro,2001,14-Feb-46,,
Mr Gerhard HEIBERG,IOC honorary members,https://www.olympics.com/ioc/mr-gerhard-heiberg,,https://img.olympics.com/images/image/private/t_original_380/f_auto/v1699272947/primary/o7tspn2jxy2cwwtvslxl,1994,20-Apr-39,,
HRH Prince Tunku IMRAN,IOC honorary members,https://www.olympics.com/ioc/hrh-prince-tunku-imran,,https://img.olympics.com/images/image/private/t_original_380/f_auto/v1699272894/primary/utjnnsbiour2dw6qhago,2006,21-Mar-48,,
Mr Mario PESCANTE,IOC honorary members,https://www.olympics.com/ioc/mr-mario-pescante,,https://img.olympics.com/images/image/private/t_original_380/f_auto/v1699272856/primary/abaehqyll4lhxif8zkwb,1994,07-Jul-38,,
Mr Sam RAMSAMY,IOC honorary members,https://www.olympics.com/ioc/mr-sam-ramsamy,,https://img.olympics.com/images/image/private/t_original_380/f_auto/v1699272817/primary/zdryjhns4zrrqhzmcywq,1995,27-Jan-38,,
Mr Ung CHANG,IOC honorary members,https://www.olympics.com/ioc/mr-ung-chang,,https://img.olympics.com/images/image/private/t_original_380/f_auto/v1699272758/primary/ehcibiihgntbel7zq6o5,1996,05-Jul-38,,
Mr Franco CARRARO,IOC honorary members,https://www.olympics.com/ioc/mr-franco-carraro,,https://img.olympics.com/images/image/private/t_original_380/f_auto/v1699272727/primary/m16yrsinexlwz0adqllx,1982,06-Dec-39,,
Mr Iván DIBÓS,IOC honorary members,https://www.olympics.com/ioc/mr-ivan-dibos,,https://img.olympics.com/images/image/private/t_original_380/f_auto/v1699272692/primary/qjkuuzjkjanlvxeolcdp,1982,18-Jan-39,,
Mr Willi KALTSCHMITT LUJÁN,IOC honorary members,https://www.olympics.com/ioc/mr-willi-kaltschmitt-lujan,,https://img.olympics.com/images/image/private/t_original_380/f_auto/v1699272654/primary/mczuurawjgc901tibomh,1988,13-Aug-39,,
"Sir Austin L. SEALY, KT",IOC honorary members,https://www.olympics.com/ioc/sir-austin-l-sealy-kt,,https://img.olympics.com/images/image/private/t_original_380/f_auto/v1699272612/primary/cboko6yqedbxnpsnetga,1994,17-Sep-39,,
Mr Samih MOUDALLAL,IOC honorary members,https://www.olympics.com/ioc/mr-samih-moudallal,,https://img.olympics.com/images/image/private/t_original_380/f_auto/v1699272557/primary/cddf7g17lt6zm8fptr5w,1998,20-Sep-39,,
Mr Habu GUMEL,IOC honorary members,https://www.olympics.com/ioc/mr-habu-gumel,,https://img.olympics.com/images/image/private/t_original_380/f_auto/v1699272522/primary/wj5dxongfgkbvi2pqlcj,2009,01-Apr-49,,
Mrs Beatrice ALLEN,IOC honorary members,https://www.olympics.com/ioc/mrs-beatrice-allen,,https://img.olympics.com/images/image/private/t_original_380/f_auto/v1699272485/primary/v6nk2l3csu5gizm7y7ls,2006,08-Aug-50,,
HM King Frederik X,IOC honorary members,https://www.olympics.com/ioc/hm-king-frederik-x,,https://img.olympics.com/images/image/private/t_original_380/f_auto/v1699272455/primary/klk7hud7dkwl58z2z2jj,2009,26-May-68,,
Sir Craig REEDIE GBE,IOC honorary members,https://www.olympics.com/ioc/sir-craig-reedie,,https://img.olympics.com/images/image/private/t_original_380/f_auto/v1699272422/primary/njjdw271dsp2pidzjbep,1994,06-May-41,,
"Mr Richard W. POUND, K.C., Ad. E.",IOC honorary members,https://www.olympics.com/ioc/mr-richard-w-pound-k-c-ad-e,,https://img.olympics.com/images/image/private/t_original_380/f_auto/v1699272368/primary/t59if5f3uq1ygdkhp59d,1978,22-Mar-42,1960,Richard W. POUND
Mr Pál SCHMITT,IOC honorary members,https://www.olympics.com/ioc/mr-pal-schmitt,,https://img.olympics.com/images/image/private/t_original_380/f_auto/v1699272332/primary/niahfvdgnmixwu8db6l5,1983,13-May-42,"1968, 1972, 1976",Pal SCHMITT
"Mr John COATES, AC",IOC honorary members,https://www.olympics.com/ioc/mr-john-coates-ac,,https://img.olympics.com/images/image/private/t_original_380/f_auto/v1699266767/primary/f56ggczcty9ktzsp20dk,2001,07-May-50,,
Prof. Uğur ERDENER,IOC honorary members,https://www.olympics.com/ioc/prof-ugur-erdener,,https://img.olympics.com/images/image/private/t_original_380/f_auto/v1699267042/primary/icxp3ewe6t5telby5szp,2008,25-Jun-50,,
Mrs Marisol CASADO,IOC honorary members,https://www.olympics.com/ioc/mrs-marisol-casado,,https://img.olympics.com/images/image/private/t_original_380/f_auto/v1699267155/primary/bjwiqki1gzxyy8lixgge,2010,11-Oct-56,,
Mr Francesco RICCI BITTI,honour member,https://www.olympics.com/ioc/mr-francesco-ricci-bitti,,https://img.olympics.com/images/image/private/t_original_380/f_auto/primary/mrvocohrenxchu1lic5p,2025,15-Jan-42,,
Mr Ban KI-MOON,honour member,https://www.olympics.com/ioc/mr-ban-ki-moon,,https://img.olympics.com/images/image/private/t_original_380/f_auto/primary/bdo8qu48d68hju9oxdfu,2025,15-Jun-44,,
Mr Carlos Arthur NUZMAN (Provisionally suspended),suspended honorary member,https://www.olympics.com/ioc/mr-carlos-arthur-nuzman,,https://img.olympics.com/images/image/private/t_original_380/f_auto/v1699274448/primary/czbqfkkbw3vabccruwpj,2000,17-Mar-42,1964,Carlos Arthur NUZMAN
